date,temp_2m_c,total_precip_mm,heat_days,lst_c
2024-01-01,0.5,3.0,0,12.0
2024-01-02,1.4206896551724137,3.896551724137931,0,12.655172413793103
2024-01-03,2.3413793103448275,4.793103448275861,0,13.310344827586206
2024-01-04,3.2620689655172415,5.689655172413792,0,13.96551724137931
2024-01-05,4.182758620689655,6.586206896551724,0,14.620689655172413
2024-01-06,5.1034482758620685,7.482758620689656,0,15.275862068965516
2024-01-07,6.024137931034483,8.379310344827587,0,15.931034482758621
2024-01-08,6.944827586206896,9.275862068965516,0,16.586206896551722
2024-01-09,7.86551724137931,10.172413793103448,0,17.241379310344826
2024-01-10,8.786206896551723,11.068965517241377,0,17.89655172413793
2024-01-11,9.706896551724137,11.965517241379311,0,18.551724137931032
2024-01-12,10.62758620689655,12.862068965517242,0,19.20689655172414
2024-01-13,11.548275862068966,13.758620689655173,0,19.862068965517242
2024-01-14,12.46896551724138,14.655172413793103,0,20.517241379310345
2024-01-15,13.389655172413793,15.551724137931036,0,21.17241379310345
2024-01-16,14.310344827586206,16.448275862068968,0,21.82758620689655
2024-01-17,15.23103448275862,17.344827586206897,0,22.482758620689655
2024-01-18,16.151724137931033,18.241379310344826,0,23.137931034482758
2024-01-19,17.072413793103447,19.137931034482758,0,23.79310344827586
2024-01-20,17.99310344827586,20.03448275862069,0,24.448275862068964
2024-01-21,18.913793103448274,20.93103448275862,0,25.103448275862068
2024-01-22,19.834482758620688,21.827586206896548,0,25.758620689655174
2024-01-23,20.7551724137931,22.72413793103448,0,26.413793103448278
2024-01-24,21.675862068965515,23.620689655172413,0,27.06896551724138
2024-01-25,22.59655172413793,24.51724137931034,0,27.724137931034484
2024-01-26,23.517241379310345,25.41379310344827,0,28.379310344827587
2024-01-27,24.43793103448276,26.310344827586203,0,29.03448275862069
2024-01-28,25.358620689655172,27.20689655172414,1,29.689655172413794
2024-01-29,26.279310344827586,28.103448275862068,1,30.344827586206897
2024-01-30,27.2,29.0,1,31.0
